availability,discount,link,name,price,specs
,,/p/DJI/Mini-3-Pro-Drone-with-RC-Remote-Controller-200097,DJI Mini 3 Pro Drone with RC Remote Controller,£859.00,Super-portable weighing less than 249g
,Save £50.00,/p/DJI/Mini-2-Combo-Drone-191340,DJI Mini 2 Combo Drone,£499.00,"Beginner friendly, powerful and lightweight drone"
,,/p/DJI/Mini-3-Pro-Drone-with-RC-N1-Remote-Controller-200096,DJI Mini 3 Pro Drone with RC-N1 Remote Controller,£699.00,Super-portable weighing less than 249g
,,/p/DJI/Mini-3-Drone-with-DJI-RC-Remote-Controller-202542,DJI Mini 3 Drone with DJI RC Remote Controller,£669.00,4K HDR video
Collect at Store,,/p/DJI/Mavic-3-Classic-Drone-with-DJI-RC-Remote-Contoller-202122,DJI Mavic 3 Classic Drone with DJI RC Remote Contoller,"£1,529.00",4/3 CMOS Hasselblad camera
,Save £25.00,/p/DJI/Avata-Pro-View-Combo-201392,DJI Avata Pro-View Combo,"£1,204.00",Palm-sized and agile drone
Collect at Store,,/p/DJI/Mini-3-Drone-202539,DJI Mini 3 Drone,£439.00,4K HDR video
,,/p/DJI/Mini-3-Fly-More-Combo-with-DJI-RC-Remote-Controller-202544,DJI Mini 3 Fly More Combo with DJI RC Remote Controller,£828.00,4K HDR video
Collect at Store,Save £131.00,/p/DJI/Air-2S-Drone-194905,DJI Air 2S Drone,£768.00,Compact and lightweight aerial powerhouse
,,/p/DJI/Mavic-3-Fly-More-Combo-197683,DJI Mavic 3 Fly More Combo,"£2,399.00",20MP 4/3 CMOS Hasselblad Camera
,Save £350.00,/p/DJI/FPV-Combo-193017,DJI FPV Combo,£899.00,Immersive FPV flight experience
Collect at Store,,/p/DJI/Mini-3-Fly-More-Combo-with-RC-N1-Remote-Controller-202543,DJI Mini 3 Fly More Combo with RC-N1 Remote Controller,£678.00,4K HDR video
,,/p/DJI/Avata-Fly-Smart-Combo-201393,DJI Avata Fly Smart Combo,£989.00,Palm-sized and agile drone
Collect at Store,,/p/DJI/Mini-3-Drone-with-RC-N1-Remote-Controller-202541,DJI Mini 3 Drone with RC-N1 Remote Controller,£519.00,4K HDR video
Collect at Store,,/p/DJI/Mavic-3-Classic-Drone-202116,DJI Mavic 3 Classic Drone,"£1,309.00",4/3 CMOS Hasselblad camera
,Save £160.00,/p/DJI/Mavic-3-Drone-197684,DJI Mavic 3 Drone,"£1,719.00",20MP 4/3 CMOS Hasselblad Camera
Collect at Store,,/p/DJI/Avata-Drone-201391,DJI Avata Drone,£499.00,Palm-sized and agile drone
,,/p/DJI/Mavic-3-Cine-Premium-Combo-197682,DJI Mavic 3 Cine Premium Combo,"£4,279.00",20MP 4/3 CMOS Hasselblad Camera
,,/p/DJI/Air-2S-Fly-More-Combo-194906,DJI Air 2S Fly More Combo,"£1,169.00",20 MP 1-inch CMOS sensor
,,/p/DJI/Mavic-3-Classic-Drone-with-RC-N1-Remote-Controller-202121,DJI Mavic 3 Classic Drone with RC-N1 Remote Controller,"£1,399.00",4/3 CMOS Hasselblad camera
Collect at Store,,/p/Autel/Evo-II-Pro-V3-Drone-in-Orange-Rugged-Bundle-202141,Autel Evo II Pro V3 Drone in Orange Rugged Bundle,"£2,249.00",Sony 20MP 1-Inch CMOS sensor
Collect at Store,,/p/Autel/Evo-Nano-Drone-in-Orange-201936,Autel Evo Nano Drone in Orange,£599.00,Foldable and small as a smartphone
Collect at Store,,/p/Autel/Evo-Nano-Drone-in-Grey-201917,Autel Evo Nano Drone in Grey,£599.00,Foldable and small as a smartphone
Collect at Store,,/p/Autel/Evo-Nano-Drone-in-Orange-201918,Autel Evo Nano+ Drone in Orange,£719.00,Foldable and small as a smartphone
Collect at Store,,/p/Autel/Evo-Nano-Drone-in-Grey-201920,Autel Evo Nano+ Drone in Grey,£719.00,Foldable and small as a smartphone
Collect at Store,,/p/Autel/Evo-Nano-Drone-in-Orange-Premium-Bundle-201922,Autel Evo Nano Drone in Orange Premium Bundle,£719.00,Foldable and small as a smartphone
Collect at Store,,/p/Autel/Evo-Nano-Drone-in-Grey-Premium-Bundle-201923,Autel Evo Nano Drone in Grey Premium Bundle,£719.00,Foldable and small as a smartphone
Collect at Store,,/p/Autel/Evo-Nano-Drone-in-Orange-Premium-Bundle-201925,Autel Evo Nano+ Drone in Orange Premium Bundle,£859.00,Foldable and small as a smartphone
Collect at Store,,/p/Autel/Evo-Nano-Drone-in-Grey-Premium-Bundle-201937,Autel Evo Nano+ Drone in Grey Premium Bundle,£859.00,Foldable and small as a smartphone
,,/p/DJI/Mini-3-Pro-Drone-with-RC-Remote-Controller-200097,DJI Mini 3 Pro Drone with RC Remote Controller,£859.00,Super-portable weighing less than 249g
,Save £50.00,/p/DJI/Mini-2-Combo-Drone-191340,DJI Mini 2 Combo Drone,£499.00,"Beginner friendly, powerful and lightweight drone"
,,/p/DJI/Mini-3-Pro-Drone-with-RC-N1-Remote-Controller-200096,DJI Mini 3 Pro Drone with RC-N1 Remote Controller,£699.00,Super-portable weighing less than 249g
,,/p/DJI/Mini-3-Drone-with-DJI-RC-Remote-Controller-202542,DJI Mini 3 Drone with DJI RC Remote Controller,£669.00,4K HDR video
Collect at Store,,/p/DJI/Mavic-3-Classic-Drone-with-DJI-RC-Remote-Contoller-202122,DJI Mavic 3 Classic Drone with DJI RC Remote Contoller,"£1,529.00",4/3 CMOS Hasselblad camera
,Save £25.00,/p/DJI/Avata-Pro-View-Combo-201392,DJI Avata Pro-View Combo,"£1,204.00",Palm-sized and agile drone
Collect at Store,,/p/DJI/Mini-3-Drone-202539,DJI Mini 3 Drone,£439.00,4K HDR video
,,/p/DJI/Mini-3-Fly-More-Combo-with-DJI-RC-Remote-Controller-202544,DJI Mini 3 Fly More Combo with DJI RC Remote Controller,£828.00,4K HDR video
Collect at Store,Save £131.00,/p/DJI/Air-2S-Drone-194905,DJI Air 2S Drone,£768.00,Compact and lightweight aerial powerhouse
,,/p/DJI/Mavic-3-Fly-More-Combo-197683,DJI Mavic 3 Fly More Combo,"£2,399.00",20MP 4/3 CMOS Hasselblad Camera
,Save £350.00,/p/DJI/FPV-Combo-193017,DJI FPV Combo,£899.00,Immersive FPV flight experience
Collect at Store,,/p/DJI/Mini-3-Fly-More-Combo-with-RC-N1-Remote-Controller-202543,DJI Mini 3 Fly More Combo with RC-N1 Remote Controller,£678.00,4K HDR video
,,/p/DJI/Avata-Fly-Smart-Combo-201393,DJI Avata Fly Smart Combo,£989.00,Palm-sized and agile drone
Collect at Store,,/p/DJI/Mini-3-Drone-with-RC-N1-Remote-Controller-202541,DJI Mini 3 Drone with RC-N1 Remote Controller,£519.00,4K HDR video
Collect at Store,,/p/DJI/Mavic-3-Classic-Drone-202116,DJI Mavic 3 Classic Drone,"£1,309.00",4/3 CMOS Hasselblad camera
,Save £160.00,/p/DJI/Mavic-3-Drone-197684,DJI Mavic 3 Drone,"£1,719.00",20MP 4/3 CMOS Hasselblad Camera
Collect at Store,,/p/DJI/Avata-Drone-201391,DJI Avata Drone,£499.00,Palm-sized and agile drone
,,/p/DJI/Mavic-3-Cine-Premium-Combo-197682,DJI Mavic 3 Cine Premium Combo,"£4,279.00",20MP 4/3 CMOS Hasselblad Camera
,,/p/DJI/Air-2S-Fly-More-Combo-194906,DJI Air 2S Fly More Combo,"£1,169.00",20 MP 1-inch CMOS sensor
,,/p/DJI/Mavic-3-Classic-Drone-with-RC-N1-Remote-Controller-202121,DJI Mavic 3 Classic Drone with RC-N1 Remote Controller,"£1,399.00",4/3 CMOS Hasselblad camera
Collect at Store,,/p/Autel/Evo-II-Pro-V3-Drone-in-Orange-Rugged-Bundle-202141,Autel Evo II Pro V3 Drone in Orange Rugged Bundle,"£2,249.00",Sony 20MP 1-Inch CMOS sensor
